{
  "audit_gate": {
    "audit_pass_count": 36,
    "correction_emitted_count": 18,
    "dpm_rows": 54,
    "gate_accept_count": 36,
    "gate_refuse_count": 18
  },
  "cases": [
    "correction-heavy-session",
    "handoff-session",
    "long-real-session",
    "long-session-context-retention",
    "short-session-next-intent",
    "tool-heavy-session"
  ],
  "cost_by_condition": {
    "dpm_phase3_checkpoint": {
      "input_tokens": {
        "count": 54,
        "max": 520027.0,
        "mean": 88301.9074074074,
        "min": 1182.0,
        "stddev": 194886.46542686378
      },
      "model_calls": {
        "count": 54,
        "max": 3.0,
        "mean": 2.3333333333333335,
        "min": 2.0,
        "stddev": 0.4758309514308865
      },
      "skipped_or_errored_rows": 0,
      "wall_ms": {
        "count": 54,
        "max": 45268.0,
        "mean": 12228.75925925926,
        "min": 3977.0,
        "stddev": 9372.278728441226
      }
    },
    "raw_oracle": {
      "input_tokens": {
        "count": 54,
        "max": 323906.0,
        "mean": 54828.5,
        "min": 598.0,
        "stddev": 121465.44725422868
      },
      "model_calls": {
        "count": 54,
        "max": 1.0,
        "mean": 1.0,
        "min": 1.0,
        "stddev": 0.0
      },
      "skipped_or_errored_rows": 0,
      "wall_ms": {
        "count": 54,
        "max": 15176.0,
        "mean": 3592.1296296296296,
        "min": 1382.0,
        "stddev": 3175.1620968652405
      }
    },
    "rolling_summary": {
      "input_tokens": {
        "count": 54,
        "max": 388880.0,
        "mean": 66887.9074074074,
        "min": 1188.0,
        "stddev": 145346.94782852076
      },
      "model_calls": {
        "count": 54,
        "max": 81.0,
        "mean": 16.0,
        "min": 2.0,
        "stddev": 29.347623734604554
      },
      "skipped_or_errored_rows": 0,
      "wall_ms": {
        "count": 54,
        "max": 827357.0,
        "mean": 155661.0185185185,
        "min": 5169.0,
        "stddev": 305325.9863530021
      }
    }
  },
  "errored_rows": 0,
  "needs_judge_rows": 0,
  "quality_score_by_condition": {
    "dpm_phase3_checkpoint": {
      "count": 54,
      "max": 1.0,
      "mean": 1.0,
      "min": 1.0,
      "stddev": 0.0
    },
    "raw_oracle": {
      "count": 54,
      "max": 1.0,
      "mean": 0.8194444444444444,
      "min": 0.0,
      "stddev": 0.3774813086296855
    },
    "rolling_summary": {
      "count": 54,
      "max": 1.0,
      "mean": 0.9814814814814815,
      "min": 0.75,
      "stddev": 0.06608763214317867
    }
  },
  "row_count": 162,
  "stale_escape_by_condition": {
    "dpm_phase3_checkpoint": {
      "count": 6,
      "max": 0.0,
      "mean": 0.0,
      "min": 0.0,
      "stddev": 0.0
    },
    "raw_oracle": {
      "count": 3,
      "max": 1.0,
      "mean": 1.0,
      "min": 1.0,
      "stddev": 0.0
    },
    "rolling_summary": {
      "count": 3,
      "max": 1.0,
      "mean": 0.6666666666666666,
      "min": 0.0,
      "stddev": 0.5773502691896257
    }
  }
}
