condition,budget_chars,n_rows,mean_decision_score,stale_escape_rate,mean_model_calls,mean_tokens,mean_wall_ms
dpm_phase3_checkpoint,669,15,0.55,0.0,2.2,1310.8,7361.933333333333
dpm_phase3_checkpoint,1338,15,0.7333333333333333,1.0,2.2,1417.8,7725.533333333334
dpm_phase3_checkpoint,2676,15,0.7666666666666667,0.3333333333333333,2.2,1449.8,8016.733333333334
raw_oracle,669,15,0.65,1.0,1,683.2,2236.4
raw_oracle,1338,15,0.65,1.0,1,684.2666666666667,2048.4
raw_oracle,2676,15,0.65,1.0,1,690.2,2187.6666666666665
rolling_summary,669,15,0.6,0.0,3,1634.4666666666667,9556.466666666667
rolling_summary,1338,15,0.9666666666666667,0.0,3,1942.4,11543.266666666666
rolling_summary,2676,15,0.8,0.0,3,2211.5333333333333,13495.866666666667
